Spielstätte,Ort,Titel,Anzahl,Komponist,Komponist_ber,Geburtsort,Geschlecht,Geburtsdatum,Geburtsjahr,Alter,Sterbedatum,Verstorben,Art,Bemerkung
Deutsche Oper am Rhein,Düsseldorf/Duisburg,Gold!,7,,Leonard Evers,Heerlen,männlich,,1985,34,0,lebt,sonstiges,Premiere oder Wiederaufnahme?
Wuppertaler Bühnen,Wuppertal,Kleines Stück Himmel,8,,Nuñez Hierro,Cádiz,weiblich,,1980,39,0,lebt,premieren,
"Musiktheater im Revier, Gelsenkirchen",Gelsenkirchen,Und jetzt alle,2,,Moritz Anthes,Wittenberg,männlich,,1980,39,0,lebt,premieren,Zwei Komponisten
Deutsche Oper am Rhein,Düsseldorf/Duisburg,"Schade, dass sie eine Hure war",4,Anno Schreier,Anno Schreier,Aachen,männlich,1979-01-01 00:00:00+00:00,1979,40,0,lebt,premieren,
"Musiktheater im Revier, Gelsenkirchen",Gelsenkirchen,Klein Zaches,4,,Thomas Rimes,Suva,männlich,,1976,43,0,lebt,wiederaufnahmen,
Oper Köln,Köln,Pin Kaiser und Fiß Husar,1,,Frank Engel,,männlich,,1975,44,0,lebt,premieren,Geburtsort?
Deutsche Oper am Rhein,Düsseldorf/Duisburg,Die Schneekönigin,5,,Marius Felix Lange,Berlin,männlich,,1968,51,0,lebt,wiederaufnahmen,
Theater/Oper/Schauspiel Bonn,Bonn,Die Schneekönigin,11,,Marius Felix Lange,Berlin,männlich,,1968,51,0,lebt,premieren,
"Oper, Ballett und Junge Oper Dortmund",Dortmund,Romeo und Zeliha,1,Fons Merkies,Fons Merkies,Zaandam,männlich,1966-06-07 00:00:00+00:00,1966,53,0,lebt,premieren,
Theater Bielefeld,Bielefeld,Dead Man Walking,6,Jake Heggie,Jake Heggie,West Palm Beach,männlich,1961-03-31 00:00:00+00:00,1961,58,0,lebt,premieren,
Wuppertaler Bühnen,Wuppertal,Das Labyrinth,3,Jonathan Dove,Jonathan Dove,Greater London,männlich,1959-07-18 00:00:00+00:00,1959,60,0,lebt,premieren,
Theater/Oper/Schauspiel Bonn,Bonn,Marx in London,9,Jonathan Dove,Jonathan Dove,Greater London,männlich,1959-07-18 00:00:00+00:00,1959,60,0,lebt,premieren,
Theater Krefeld Mönchengladbach,Krefeld/Mönchengladbach,Der Räuber Hotzenplotz,7,Andreas N. Tarkmann,Andreas N. Tarkmann,Hannover,männlich,1956-05-01 00:00:00+00:00,1956,63,0,lebt,premieren,
"Oper, Ballett und Junge Oper Dortmund",Dortmund,Quartett,5,Luca Francesconi,Luca Francesconi,Mailand,männlich,1956-03-17 00:00:00+00:00,1956,63,0,lebt,premieren,
Deutsche Oper am Rhein,Düsseldorf/Duisburg,Geisterritter,5,James Reynolds,James Reynolds,Long Beach,männlich,1953-01-01 00:00:00+00:00,1953,66,0,lebt,premieren,
"Oper, Ballett und Junge Oper Dortmund",Dortmund,Wo die wilden Kerle wohnen,6,Oliver Knussen,Oliver Knussen,Glasgow,männlich,1952-06-12 00:00:00+00:00,1952,67,2018,Tot,premieren,
Deutsche Oper am Rhein,Düsseldorf/Duisburg,Wo die wilden Kerle wohnen,7,Oliver Knussen,Oliver Knussen,Glasgow,männlich,1952-06-12 00:00:00+00:00,1952,67,2018,Tot,wiederaufnahmen,
Theater Krefeld Mönchengladbach,Krefeld/Mönchengladbach,Der goldene Drache,4,,Peter Eötvös,Odorheiu Secuiesc,männlich,,1944,75,0,lebt,premieren,
Oper Köln,Köln,Ijob,1,Wilfried Hiller,Wilfried Hiller,Weißenhorn,männlich,1941-03-15 00:00:00+00:00,1941,78,0,lebt,wiederaufnahmen,
"Oper, Ballett und Junge Oper Dortmund",Dortmund,Echnaton,7,Philip Glass,Philip Glass,Baltimore,männlich,1937-01-31 00:00:00+00:00,1937,82,0,lebt,premieren,
Theater und Philharmoie Essen,Essen,Medea,5,Aribert Reimann,Aribert Reimann,Berlin,männlich,1936-03-04 00:00:00+00:00,1936,83,0,lebt,premieren,
Oper Köln,Köln,Mare Nostrum,4,Mauricio Kagel,Mauricio Kagel,Buenos Aires,männlich,1931-12-24 00:00:00+00:00,1931,88,2008,Tot,premieren,
Theater Aachen,Aachen,Elegie für junge Liebende,3,,Hans Werner Henze,Gütersloh,männlich,,1926,93,2019,Tot,premieren,
Oper Köln,Köln,Adam Schaf hat Angst,5,Georg Kreisler,Georg Kreisler,Wien,männlich,1922-07-18 00:00:00+00:00,1922,97,2011,Tot,wiederaufnahmen,
"Musiktheater im Revier, Gelsenkirchen",Gelsenkirchen,Mass,9,Leonard Bernstein,Leonard Bernstein,Lawrence,männlich,1918-08-25 00:00:00+00:00,1918,101,1990,Tot,premieren,
Theater Aachen,Aachen,Troubel in Tahiti / A Quiet Place,8,Leonard Bernstein,Leonard Bernstein,Lawrence,männlich,1918-08-25 00:00:00+00:00,1918,101,1990,Tot,premieren,
"Oper, Ballett und Junge Oper Dortmund",Dortmund,West Side Story,15,Leonard Bernstein,Leonard Bernstein,Lawrence,männlich,1918-08-25 00:00:00+00:00,1918,101,1990,Tot,premieren,
Oper Köln,Köln,Peter Grimes,5,Benjamin Britten,Benjamin Britten,Lowestoft,männlich,1913-11-22 00:00:00+00:00,1913,106,1976,Tot,premieren,
Wuppertaler Bühnen,Wuppertal,Play Europeras 1&2,10,John Cage,John Cage,Los Angeles,männlich,1912-09-05 00:00:00+00:00,1912,107,1992,Tot,premieren,
"Musiktheater im Revier, Gelsenkirchen",Gelsenkirchen,Mahagonny,8,Kurt Weill,Kurt Weill,Dessau,männlich,1900-03-02 00:00:00+00:00,1900,119,1950,Tot,premieren,
Oper Köln,Köln,Street Scene,7,Kurt Weill,Kurt Weill,Dessau,männlich,1900-03-02 00:00:00+00:00,1900,119,1950,Tot,premieren,
Theater Krefeld Mönchengladbach,Krefeld/Mönchengladbach,Die Gespräche der Karmeliterinnen,6,Francis Poulenc,Francis Poulenc,Paris,männlich,1899-01-07 00:00:00+00:00,1899,120,1963,Tot,premieren,
Theater/Oper/Schauspiel Bonn,Bonn,Der Kaiser von Atlantis,5,Viktor Ullmann,Viktor Ullmann,Český Těšín,männlich,1898-01-01 00:00:00+00:00,1898,121,1944,Tot,premieren,
Wuppertaler Bühnen,Wuppertal,Die tote Stadt,3,Erich Wolfgang Korngold,Erich Wolfgang Korngold,Brünn,männlich,1897-05-29 00:00:00+00:00,1897,122,1957,Tot,premieren,
"Musiktheater im Revier, Gelsenkirchen",Gelsenkirchen,Schwanda der Dudelsackpfeifer,4,Jaromír Weinberger,Jaromír Weinberger,Prag,männlich,1896-01-08 00:00:00+00:00,1896,123,1967,Tot,premieren,
Deutsche Oper am Rhein,Düsseldorf/Duisburg,Der feurige Engel,4,Sergei Sergejewitsch Prokofjew,Sergei Sergejewitsch Prokofjew,Krasne,männlich,1891-04-23 00:00:00+00:00,1891,128,1953,Tot,wiederaufnahmen,
"Musiktheater im Revier, Gelsenkirchen",Gelsenkirchen,Romeo und Julia,4,Sergei Sergejewitsch Prokofjew,Sergei Sergejewitsch Prokofjew,Krasne,männlich,1891-04-23 00:00:00+00:00,1891,128,1953,Tot,wiederaufnahmen,
Oper Köln,Köln,Im weißen Rössel,15,Ralph Benatzky,Ralph Benatzky,Moravské Budějovice,männlich,1884-06-05 00:00:00+00:00,1884,135,1957,Tot,premieren,
Theater Krefeld Mönchengladbach,Krefeld/Mönchengladbach,Die Faschingsfee,7,Emmerich Kálmán,Emmerich Kálmán,Siófok,männlich,1882-10-24 00:00:00+00:00,1882,137,1953,Tot,premieren,
Oper Köln,Köln,Jeanne D‘Arc – Szenen aus dem Leben der Heiligen Johanna,5,Walter Braunfels,Walter Braunfels,Frankfurt am Main,männlich,1882-12-19 00:00:00+00:00,1882,137,1954,Tot,wiederaufnahmen,
Deutsche Oper am Rhein,Düsseldorf/Duisburg,Petruschka / L'Enfant et les Sortilèges,4,Igor Strawinsky,Igor Strawinsky,Lomonossow,männlich,1882-06-17 00:00:00+00:00,1882,137,1971,Tot,premieren,
Deutsche Oper am Rhein,Düsseldorf/Duisburg,Petruschka / L'Enfant et les Sortilèges,3,Igor Strawinsky,Igor Strawinsky,Lomonossow,männlich,1882-06-17 00:00:00+00:00,1882,137,1971,Tot,wiederaufnahmen,Ursprünglich zwei Komponisten: Igor Strawinsky / Maurice Ravel
Wuppertaler Bühnen,Wuppertal,Das Land des Lächelns,10,Franz Lehár,Franz Lehár,Komárno,männlich,1870-04-30 00:00:00+00:00,1870,149,1948,Tot,premieren,
"Oper, Ballett und Junge Oper Dortmund",Dortmund,Das Land des Lächelns,16,Franz Lehár,Franz Lehár,Komárno,männlich,1870-04-30 00:00:00+00:00,1870,149,1948,Tot,premieren,
Theater Herford,Herford,Die lustige Witwe,1,Franz Lehár,Franz Lehár,Komárno,männlich,1870-04-30 00:00:00+00:00,1870,149,1948,Tot,sonstiges,Premiere oder Wiederaufnahme?
Wuppertaler Bühnen,Wuppertal,Werther,2,Franz Lehár,Franz Lehár,Komárno,männlich,1870-04-30 00:00:00+00:00,1870,149,1948,Tot,premieren,
Theater Bielefeld,Bielefeld,Ariane und Blaubart,5,Paul Dukas,Paul Dukas,Paris,männlich,1865-10-01 00:00:00+00:00,1865,154,1935,Tot,premieren,
Deutsche Oper am Rhein,Düsseldorf/Duisburg,Arabella,3,Richard Strauss,Richard Strauss,München,männlich,1864-06-11 00:00:00+00:00,1864,155,1949,Tot,wiederaufnahmen,
Deutsche Oper am Rhein,Düsseldorf/Duisburg,Ariadne auf Naxos,5,Richard Strauss,Richard Strauss,München,männlich,1864-06-11 00:00:00+00:00,1864,155,1949,Tot,wiederaufnahmen,
Theater/Oper/Schauspiel Bonn,Bonn,Elektra,10,Richard Strauss,Richard Strauss,München,männlich,1864-06-11 00:00:00+00:00,1864,155,1949,Tot,premieren,
Theater und Philharmoie Essen,Essen,Salome,2,Richard Strauss,Richard Strauss,München,männlich,1864-06-11 00:00:00+00:00,1864,155,1949,Tot,wiederaufnahmen,
Oper Köln,Köln,Salome,10,Richard Strauss,Richard Strauss,München,männlich,1864-06-11 00:00:00+00:00,1864,155,1949,Tot,premieren,
Deutsche Oper am Rhein,Düsseldorf/Duisburg,Cavalleria rusticana / Pagliacci,4,Pietro Mascagni,Pietro Mascagni,Livorno,männlich,1863-12-07 00:00:00+00:00,1863,156,1945,Tot,wiederaufnahmen,Zwei Komponisten
Theater und Philharmoie Essen,Essen,La Bohème,2,Giacomo Puccini,Giacomo Puccini,Lucca,männlich,1858-12-22 00:00:00+00:00,1858,161,1924,Tot,wiederaufnahmen,
Deutsche Oper am Rhein,Düsseldorf/Duisburg,Madama Butterfly,5,Giacomo Puccini,Giacomo Puccini,Lucca,männlich,1858-12-22 00:00:00+00:00,1858,161,1924,Tot,wiederaufnahmen,
Theater Herford,Herford,Tosca,1,Giacomo Puccini,Giacomo Puccini,Lucca,männlich,1858-12-22 00:00:00+00:00,1858,161,1924,Tot,sonstiges,Premiere oder Wiederaufnahme?
Deutsche Oper am Rhein,Düsseldorf/Duisburg,Tosca,8,Giacomo Puccini,Giacomo Puccini,Lucca,männlich,1858-12-22 00:00:00+00:00,1858,161,1924,Tot,wiederaufnahmen,
Theater und Philharmoie Essen,Essen,Tosca,3,Giacomo Puccini,Giacomo Puccini,Lucca,männlich,1858-12-22 00:00:00+00:00,1858,161,1924,Tot,wiederaufnahmen,
Theater Hagen,Hagen,Tosca,1,Giacomo Puccini,Giacomo Puccini,Lucca,männlich,1858-12-22 00:00:00+00:00,1858,161,1924,Tot,wiederaufnahmen,
Oper Köln,Köln,Tosca,4,Giacomo Puccini,Giacomo Puccini,Lucca,männlich,1858-12-22 00:00:00+00:00,1858,161,1924,Tot,wiederaufnahmen,
"Oper, Ballett und Junge Oper Dortmund",Dortmund,Turandot,10,Giacomo Puccini,Giacomo Puccini,Lucca,männlich,1858-12-22 00:00:00+00:00,1858,161,1924,Tot,premieren,
Oper Köln,Köln,Turandot,9,Giacomo Puccini,Giacomo Puccini,Lucca,männlich,1858-12-22 00:00:00+00:00,1858,161,1924,Tot,wiederaufnahmen,
Theater/Oper/Schauspiel Bonn,Bonn,Die Sache Makropolus,8,Leoš Janáček,Leoš Janáček,Hukvaldy,männlich,1854-07-03 00:00:00+00:00,1854,165,1928,Tot,premieren,
Theater Bielefeld,Bielefeld,Hänsel und Gretel,8,Engelbert Humperdinck,Engelbert Humperdinck,Siegburg,männlich,1854-09-01 00:00:00+00:00,1854,165,1921,Tot,premieren,
Theater/Oper/Schauspiel Bonn,Bonn,Hänsel und Gretel,5,Engelbert Humperdinck,Engelbert Humperdinck,Siegburg,männlich,1854-09-01 00:00:00+00:00,1854,165,1921,Tot,wiederaufnahmen,
Deutsche Oper am Rhein,Düsseldorf/Duisburg,Hänsel und Gretel,9,Engelbert Humperdinck,Engelbert Humperdinck,Siegburg,männlich,1854-09-01 00:00:00+00:00,1854,165,1921,Tot,wiederaufnahmen,
Theater und Philharmoie Essen,Essen,Hänsel und Gretel,2,Engelbert Humperdinck,Engelbert Humperdinck,Siegburg,männlich,1854-09-01 00:00:00+00:00,1854,165,1921,Tot,wiederaufnahmen,
Theater Krefeld Mönchengladbach,Krefeld/Mönchengladbach,Hänsel und Gretel,5,Engelbert Humperdinck,Engelbert Humperdinck,Siegburg,männlich,1854-09-01 00:00:00+00:00,1854,165,1921,Tot,premieren,
Wuppertaler Bühnen,Wuppertal,Hänsel und Gretel,5,Engelbert Humperdinck,Engelbert Humperdinck,Siegburg,männlich,1854-09-01 00:00:00+00:00,1854,165,1921,Tot,wiederaufnahmen,
"Musiktheater im Revier, Gelsenkirchen",Gelsenkirchen,Königskinder,8,Engelbert Humperdinck,Engelbert Humperdinck,Siegburg,männlich,1854-09-01 00:00:00+00:00,1854,165,1921,Tot,premieren,
Theater Krefeld Mönchengladbach,Krefeld/Mönchengladbach,Let´s Stop Brexit!,4,Arthur Sullivan,Arthur Sullivan,London,männlich,1842-05-13 00:00:00+00:00,1842,177,1900,Tot,premieren,
Theater und Philharmoie Essen,Essen,Rusalka,2,Antonín Dvořák,Antonín Dvořák,Nelahozeves,männlich,1841-09-08 00:00:00+00:00,1841,178,1904,Tot,wiederaufnahmen,
Theater Hagen,Hagen,Rusalka,10,Antonín Dvořák,Antonín Dvořák,Nelahozeves,männlich,1841-09-08 00:00:00+00:00,1841,178,1904,Tot,premieren,
Oper Köln,Köln,Rusalka,9,Antonín Dvořák,Antonín Dvořák,Nelahozeves,männlich,1841-09-08 00:00:00+00:00,1841,178,1904,Tot,premieren,
"Musiktheater im Revier, Gelsenkirchen",Gelsenkirchen,Eugen Onegin,9,Pjotr Iljitsch Tschaikowski,Pjotr Iljitsch Tschaikowski,Wotkinsk,männlich,1840-05-07 00:00:00+00:00,1840,179,1893,Tot,premieren,
Deutsche Oper am Rhein,Düsseldorf/Duisburg,Pique Dame,8,Pjotr Iljitsch Tschaikowski,Pjotr Iljitsch Tschaikowski,Wotkinsk,männlich,1840-05-07 00:00:00+00:00,1840,179,1893,Tot,premieren,
Theater Krefeld Mönchengladbach,Krefeld/Mönchengladbach,Boris Godunow,8,,Modest Mussorgskij,Karewo,männlich,,1839,180,1881,Tot,premieren,
Theater und Philharmoie Essen,Essen,Carmen,11,Georges Bizet,Georges Bizet,Rue de La Tour-d'Auvergne,männlich,1838-10-25 00:00:00+00:00,1838,181,1875,Tot,premieren,
Wuppertaler Bühnen,Wuppertal,Carmen,1,Georges Bizet,Georges Bizet,Rue de La Tour-d'Auvergne,männlich,1838-10-25 00:00:00+00:00,1838,181,1875,Tot,wiederaufnahmen,
"Musiktheater im Revier, Gelsenkirchen",Gelsenkirchen,Perlenfischer,9,Georges Bizet,Georges Bizet,Rue de La Tour-d'Auvergne,männlich,1838-10-25 00:00:00+00:00,1838,181,1875,Tot,premieren,
Theater/Oper/Schauspiel Bonn,Bonn,La Gioconda,6,Amilcare Ponchielli,Amilcare Ponchielli,Paderno Ponchielli,männlich,1834-08-31 00:00:00+00:00,1834,185,1886,Tot,premieren,
Deutsche Oper am Rhein,Düsseldorf/Duisburg,Die Fledermaus,8,,Johann Strauss (Sohn),St. Ulrich,männlich,,1825,194,1899,Tot,premieren,
Theater und Philharmoie Essen,Essen,Eine Nacht in Venedig,6,,Johann Strauss (Sohn),St. Ulrich,männlich,,1825,194,1899,Tot,wiederaufnahmen,
Oper Köln,Köln,Hoffmanns Erzählungen für Kinder,10,Jacques Offenbach,Jacques Offenbach,Köln,männlich,1819-06-20 00:00:00+00:00,1819,200,1880,Tot,wiederaufnahmen,
Oper Köln,Köln,Je suis Jacques. Eine Jubiläums-Offenbachiade von Christian von Götz,8,Jacques Offenbach,Jacques Offenbach,Köln,männlich,1819-06-20 00:00:00+00:00,1819,200,1880,Tot,sonstiges,Premiere oder Wiederaufnahme?
Theater Aachen,Aachen,La Grande-Duchesse de Géroldstein,10,Jacques Offenbach,Jacques Offenbach,Köln,männlich,1819-06-20 00:00:00+00:00,1819,200,1880,Tot,premieren,
Oper Köln,Köln,La Grande-Duchesse de Géroldstein,9,Jacques Offenbach,Jacques Offenbach,Köln,männlich,1819-06-20 00:00:00+00:00,1819,200,1880,Tot,premieren,
Theater Bielefeld,Bielefeld,Orpheus in der Unterwelt,4,Jacques Offenbach,Jacques Offenbach,Köln,männlich,1819-06-20 00:00:00+00:00,1819,200,1880,Tot,premieren,
Theater Krefeld Mönchengladbach,Krefeld/Mönchengladbach,Orpheus in der Unterwelt,7,Jacques Offenbach,Jacques Offenbach,Köln,männlich,1819-06-20 00:00:00+00:00,1819,200,1880,Tot,premieren,
Theater Hagen,Hagen,Pariser Leben,11,Jacques Offenbach,Jacques Offenbach,Köln,männlich,1819-06-20 00:00:00+00:00,1819,200,1880,Tot,premieren,
Theater Aachen,Aachen,Roméo et Juliette,13,Charles Gounod,Charles Gounod,Paris,männlich,1818-06-17 00:00:00+00:00,1818,201,1893,Tot,premieren,
Deutsche Oper am Rhein,Düsseldorf/Duisburg,Roméo et Juliette,7,Charles Gounod,Charles Gounod,Paris,männlich,1818-06-17 00:00:00+00:00,1818,201,1893,Tot,premieren,
"Oper, Ballett und Junge Oper Dortmund",Dortmund,Aida,2,Giuseppe Verdi,Giuseppe Verdi,Le Roncole,männlich,1813-10-10 00:00:00+00:00,1813,206,1901,Tot,premieren,
Theater und Philharmoie Essen,Essen,Aida,2,Giuseppe Verdi,Giuseppe Verdi,Le Roncole,männlich,1813-10-10 00:00:00+00:00,1813,206,1901,Tot,wiederaufnahmen,
Deutsche Oper am Rhein,Düsseldorf/Duisburg,Das Rheingold,2,Richard Wagner,Richard Wagner,Leipzig,männlich,1813-05-22 00:00:00+00:00,1813,206,1883,Tot,wiederaufnahmen,
Theater und Philharmoie Essen,Essen,Der Ring an einem Abend,5,,Richard Wagner,Leipzig,männlich,1813-05-22 00:00:00+00:00,1813,206,1883,Tot,sonstiges,"Oper angepasst, denn es ist doch trotz Loriot Wagner"
Theater/Oper/Schauspiel Bonn,Bonn,Die sizilianische Vesper,8,Giuseppe Verdi,Giuseppe Verdi,Le Roncole,männlich,1813-10-10 00:00:00+00:00,1813,206,1901,Tot,premieren,
Oper Köln,Köln,Die Walküre,17,Richard Wagner,Richard Wagner,Leipzig,männlich,1813-05-22 00:00:00+00:00,1813,206,1883,Tot,premieren,Für Kinder
Deutsche Oper am Rhein,Düsseldorf/Duisburg,Die Walküre,2,Richard Wagner,Richard Wagner,Leipzig,männlich,1813-05-22 00:00:00+00:00,1813,206,1883,Tot,wiederaufnahmen,
Deutsche Oper am Rhein,Düsseldorf/Duisburg,Don Carlo,4,Giuseppe Verdi,Giuseppe Verdi,Le Roncole,männlich,1813-10-10 00:00:00+00:00,1813,206,1901,Tot,wiederaufnahmen,
Deutsche Oper am Rhein,Düsseldorf/Duisburg,Falstaff,4,Giuseppe Verdi,Giuseppe Verdi,Le Roncole,männlich,1813-10-10 00:00:00+00:00,1813,206,1901,Tot,wiederaufnahmen,
Stadttheater Minden,Minden,Götterdämmerung,6,Richard Wagner,Richard Wagner,Leipzig,männlich,1813-05-22 00:00:00+00:00,1813,206,1883,Tot,premieren,
Deutsche Oper am Rhein,Düsseldorf/Duisburg,Götterdämmerung,2,Richard Wagner,Richard Wagner,Leipzig,männlich,1813-05-22 00:00:00+00:00,1813,206,1883,Tot,premieren,Götterdämmerung (Haus Duisburg)
Deutsche Oper am Rhein,Düsseldorf/Duisburg,Götterdämmerung,5,Richard Wagner,Richard Wagner,Leipzig,männlich,1813-05-22 00:00:00+00:00,1813,206,1883,Tot,premieren,"
Götterdämmerung (Haus Düsseldorf)"
Theater/Oper/Schauspiel Bonn,Bonn,Jérusalem,6,Giuseppe Verdi,Giuseppe Verdi,Le Roncole,männlich,1813-10-10 00:00:00+00:00,1813,206,1901,Tot,wiederaufnahmen,
Theater Aachen,Aachen,La forza del destino,10,Giuseppe Verdi,Giuseppe Verdi,Le Roncole,männlich,1813-10-10 00:00:00+00:00,1813,206,1901,Tot,premieren,
Oper Köln,Köln,La forza del destino,7,Giuseppe Verdi,Giuseppe Verdi,Le Roncole,männlich,1813-10-10 00:00:00+00:00,1813,206,1901,Tot,wiederaufnahmen,
Theater Aachen,Aachen,La Traviata,8,Giuseppe Verdi,Giuseppe Verdi,Le Roncole,männlich,1813-10-10 00:00:00+00:00,1813,206,1901,Tot,wiederaufnahmen,
Theater Bielefeld,Bielefeld,La Traviata,13,Giuseppe Verdi,Giuseppe Verdi,Le Roncole,männlich,1813-10-10 00:00:00+00:00,1813,206,1901,Tot,premieren,
Deutsche Oper am Rhein,Düsseldorf/Duisburg,La Traviata,11,Giuseppe Verdi,Giuseppe Verdi,Le Roncole,männlich,1813-10-10 00:00:00+00:00,1813,206,1901,Tot,wiederaufnahmen,
Theater/Oper/Schauspiel Bonn,Bonn,Lohengrin,12,Richard Wagner,Richard Wagner,Leipzig,männlich,1813-05-22 00:00:00+00:00,1813,206,1883,Tot,premieren,
Theater und Philharmoie Essen,Essen,Luisa Miller,2,Giuseppe Verdi,Giuseppe Verdi,Le Roncole,männlich,1813-10-10 00:00:00+00:00,1813,206,1901,Tot,wiederaufnahmen,
Wuppertaler Bühnen,Wuppertal,Luisa Miller,6,Giuseppe Verdi,Giuseppe Verdi,Le Roncole,männlich,1813-10-10 00:00:00+00:00,1813,206,1901,Tot,premieren,
"Musiktheater im Revier, Gelsenkirchen",Gelsenkirchen,Nabucco,4,Giuseppe Verdi,Giuseppe Verdi,Le Roncole,männlich,1813-10-10 00:00:00+00:00,1813,206,1901,Tot,wiederaufnahmen,
Theater Krefeld Mönchengladbach,Krefeld/Mönchengladbach,Nabucco,7,Giuseppe Verdi,Giuseppe Verdi,Le Roncole,männlich,1813-10-10 00:00:00+00:00,1813,206,1901,Tot,wiederaufnahmen,
Theater Krefeld Mönchengladbach,Krefeld/Mönchengladbach,Nabucco,8,Giuseppe Verdi,Giuseppe Verdi,Le Roncole,männlich,1813-10-10 00:00:00+00:00,1813,206,1901,Tot,premieren,
Deutsche Oper am Rhein,Düsseldorf/Duisburg,Otello,5,Giuseppe Verdi,Giuseppe Verdi,Le Roncole,männlich,1813-10-10 00:00:00+00:00,1813,206,1901,Tot,premieren,
Theater und Philharmoie Essen,Essen,Otello,8,Giuseppe Verdi,Giuseppe Verdi,Le Roncole,männlich,1813-10-10 00:00:00+00:00,1813,206,1901,Tot,premieren,
Deutsche Oper am Rhein,Düsseldorf/Duisburg,Otello,5,Giuseppe Verdi,Giuseppe Verdi,Le Roncole,männlich,1813-10-10 00:00:00+00:00,1813,206,1901,Tot,wiederaufnahmen,(Haus Düsseldorf)
"Musiktheater im Revier, Gelsenkirchen",Gelsenkirchen,Rheingold,8,Richard Wagner,Richard Wagner,Leipzig,männlich,1813-05-22 00:00:00+00:00,1813,206,1883,Tot,premieren,
Deutsche Oper am Rhein,Düsseldorf/Duisburg,Rigoletto,3,Giuseppe Verdi,Giuseppe Verdi,Le Roncole,männlich,1813-10-10 00:00:00+00:00,1813,206,1901,Tot,wiederaufnahmen,
Deutsche Oper am Rhein,Düsseldorf/Duisburg,Siegfried,3,Richard Wagner,Richard Wagner,Leipzig,männlich,1813-05-22 00:00:00+00:00,1813,206,1883,Tot,premieren,
Deutsche Oper am Rhein,Düsseldorf/Duisburg,Siegfried,1,Richard Wagner,Richard Wagner,Leipzig,männlich,1813-05-22 00:00:00+00:00,1813,206,1883,Tot,wiederaufnahmen,Haus Düsseldorf
Theater Hagen,Hagen,Simon Boccanegra,10,Giuseppe Verdi,Giuseppe Verdi,Le Roncole,männlich,1813-10-10 00:00:00+00:00,1813,206,1901,Tot,premieren,
Theater Hagen,Hagen,Tristan und Isolde,5,Richard Wagner,Richard Wagner,Leipzig,männlich,1813-05-22 00:00:00+00:00,1813,206,1883,Tot,premieren,
Theater Hagen,Hagen,Viva Verdi,10,Giuseppe Verdi,Giuseppe Verdi,Le Roncole,männlich,1813-10-10 00:00:00+00:00,1813,206,1901,Tot,premieren,
Theater Herford,Herford,Martha oder der Markt zu Richmond,1,Friedrich von Flotow,Friedrich von Flotow,Sanitz,männlich,1812-04-27 00:00:00+00:00,1812,207,1883,Tot,sonstiges,"Premiere oder Wiederaufnahme? Geburtsort in Wikipedia nicht genannt, Angabe ist jetzt Taufort"
Theater Krefeld Mönchengladbach,Krefeld/Mönchengladbach,Hamlet,7,Ambroise Thomas,Ambroise Thomas,Metz,männlich,1811-08-05 00:00:00+00:00,1811,208,1896,Tot,premieren,
"Musiktheater im Revier, Gelsenkirchen",Gelsenkirchen,Sommernachtstraum,6,Felix Mendelssohn Bartholdy,Felix Mendelssohn Bartholdy,Hamburg,männlich,1809-02-03 00:00:00+00:00,1809,210,1847,Tot,premieren,
Deutsche Oper am Rhein,Düsseldorf/Duisburg,Don Pasquale,6,Gaetano Donizetti,Gaetano Donizetti,Bergamo,männlich,1797-11-29 00:00:00+00:00,1797,222,1848,Tot,wiederaufnahmen,
Deutsche Oper am Rhein,Düsseldorf/Duisburg,Maria Stuarda,6,Gaetano Donizetti,Gaetano Donizetti,Bergamo,männlich,1797-11-29 00:00:00+00:00,1797,222,1848,Tot,premieren,
"Oper, Ballett und Junge Oper Dortmund",Dortmund,Il barbiere di Siviglia,5,Gioachino Rossini,Gioachino Rossini,Pesaro,männlich,1792-02-29 00:00:00+00:00,1792,227,1868,Tot,premieren,
Theater Hagen,Hagen,Il Turco in Italia,13,Gioachino Rossini,Gioachino Rossini,Pesaro,männlich,1792-02-29 00:00:00+00:00,1792,227,1868,Tot,premieren,
Deutsche Oper am Rhein,Düsseldorf/Duisburg,La Cenerentola,10,Gioachino Rossini,Gioachino Rossini,Pesaro,männlich,1792-02-29 00:00:00+00:00,1792,227,1868,Tot,wiederaufnahmen,
Theater und Philharmoie Essen,Essen,Der Freischütz,10,Carl Maria von Weber,Carl Maria von Weber,Eutin,männlich,1786-11-18 00:00:00+00:00,1786,233,1826,Tot,premieren,
Oper Köln,Köln,Fidelio,4,Ludwig van Beethoven,Ludwig van Beethoven,Bonn,männlich,1770-12-16 00:00:00+00:00,1770,249,1827,Tot,wiederaufnahmen,
Theater und Philharmoie Essen,Essen,Cosi fan tutte,7,Wolfgang Amadeus Mozart,Wolfgang Amadeus Mozart,Salzburg,männlich,1756-01-27 00:00:00+00:00,1756,263,1791,Tot,premieren,
Theater Aachen,Aachen,Cosi fan tutte,7,Wolfgang Amadeus Mozart,Wolfgang Amadeus Mozart,Salzburg,männlich,1756-01-27 00:00:00+00:00,1756,263,1791,Tot,premieren,
Deutsche Oper am Rhein,Düsseldorf/Duisburg,Die Entführung aus dem Serail,5,Wolfgang Amadeus Mozart,Wolfgang Amadeus Mozart,Salzburg,männlich,1756-01-27 00:00:00+00:00,1756,263,1791,Tot,wiederaufnahmen,
Wuppertaler Bühnen,Wuppertal,Die Hochzeit des Figaro,7,Wolfgang Amadeus Mozart,Wolfgang Amadeus Mozart,Salzburg,männlich,1756-01-27 00:00:00+00:00,1756,263,1791,Tot,premieren,
Oper Köln,Köln,Die Zauberflöte,15,Wolfgang Amadeus Mozart,Wolfgang Amadeus Mozart,Salzburg,männlich,1756-01-27 00:00:00+00:00,1756,263,1791,Tot,premieren,Für Kinder
Deutsche Oper am Rhein,Düsseldorf/Duisburg,Die Zauberflöte,21,Wolfgang Amadeus Mozart,Wolfgang Amadeus Mozart,Salzburg,männlich,1756-01-27 00:00:00+00:00,1756,263,1791,Tot,sonstiges,für Kinder - Premiere oder Wiederaufnahme?
Theater Bielefeld,Bielefeld,Die Zauberflöte,4,Wolfgang Amadeus Mozart,Wolfgang Amadeus Mozart,Salzburg,männlich,1756-01-27 00:00:00+00:00,1756,263,1791,Tot,wiederaufnahmen,
Theater/Oper/Schauspiel Bonn,Bonn,Die Zauberflöte,6,Wolfgang Amadeus Mozart,Wolfgang Amadeus Mozart,Salzburg,männlich,1756-01-27 00:00:00+00:00,1756,263,1791,Tot,wiederaufnahmen,
Deutsche Oper am Rhein,Düsseldorf/Duisburg,Die Zauberflöte,13,Wolfgang Amadeus Mozart,Wolfgang Amadeus Mozart,Salzburg,männlich,1756-01-27 00:00:00+00:00,1756,263,1791,Tot,wiederaufnahmen,
Theater und Philharmoie Essen,Essen,Die Zauberflöte,5,Wolfgang Amadeus Mozart,Wolfgang Amadeus Mozart,Salzburg,männlich,1756-01-27 00:00:00+00:00,1756,263,1791,Tot,wiederaufnahmen,
Theater Krefeld Mönchengladbach,Krefeld/Mönchengladbach,Die Zauberflöte,12,Wolfgang Amadeus Mozart,Wolfgang Amadeus Mozart,Salzburg,männlich,1756-01-27 00:00:00+00:00,1756,263,1791,Tot,premieren,
Theater/Oper/Schauspiel Bonn,Bonn,Don Giovanni,6,Wolfgang Amadeus Mozart,Wolfgang Amadeus Mozart,Salzburg,männlich,1756-01-27 00:00:00+00:00,1756,263,1791,Tot,wiederaufnahmen,
Deutsche Oper am Rhein,Düsseldorf/Duisburg,Don Giovanni,4,Wolfgang Amadeus Mozart,Wolfgang Amadeus Mozart,Salzburg,männlich,1756-01-27 00:00:00+00:00,1756,263,1791,Tot,wiederaufnahmen,
Theater und Philharmoie Essen,Essen,Don Giovanni,2,Wolfgang Amadeus Mozart,Wolfgang Amadeus Mozart,Salzburg,männlich,1756-01-27 00:00:00+00:00,1756,263,1791,Tot,wiederaufnahmen,
Deutsche Oper am Rhein,Düsseldorf/Duisburg,Le nozze di Figaro,4,Wolfgang Amadeus Mozart,Wolfgang Amadeus Mozart,Salzburg,männlich,1756-01-27 00:00:00+00:00,1756,263,1791,Tot,wiederaufnahmen,
Oper Köln,Köln,La scuola de’ gelosi,5,Antonio Salieri,Antonio Salieri,Legnago,männlich,1750-08-18 00:00:00+00:00,1750,269,1825,Tot,premieren,
Theater Bielefeld,Bielefeld,Amadis,6,Johann Christian Bach,Johann Christian Bach,Leipzig,männlich,1735-09-05 00:00:00+00:00,1735,284,1782,Tot,premieren,
Theater Aachen,Aachen,Il trionfo del Tempo e del Disinganno,9,Georg Friedrich Händel,Georg Friedrich Händel,Halle (Saale),männlich,1685-03-05 00:00:00+00:00,1685,334,1759,Tot,premieren,
Theater/Oper/Schauspiel Bonn,Bonn,Xerxes,13,Georg Friedrich Händel,Georg Friedrich Händel,Halle (Saale),männlich,1685-03-05 00:00:00+00:00,1685,334,1759,Tot,premieren,
Deutsche Oper am Rhein,Düsseldorf/Duisburg,Xerxes,6,Georg Friedrich Händel,Georg Friedrich Händel,Halle (Saale),männlich,1685-03-05 00:00:00+00:00,1685,334,1759,Tot,wiederaufnahmen,
Theater Hagen,Hagen,Wassermusik und Dido and Aeneas,10,Henry Purcell,Henry Purcell,Westminster,männlich,,1659,360,1695,Tot,premieren,
Theater Hagen,Hagen,Combattimento di Trancredi e Clorinda,4,Claudio Monteverdi,Claudio Monteverdi,Cremona,männlich,,1567,452,1643,Tot,premieren,
Theater Herford,Herford,Paul Abraham - Operettenkönig von Berlin,1,Paul Abraham,Paul Abraham,Apatin,männlich,,1892,127,1960,Tot,sonstiges,